Timecode,BlendshapeCount,EyeBlinkLeft,EyeLookDownLeft,EyeLookInLeft,EyeLookOutLeft,EyeLookUpLeft,EyeSquintLeft,EyeWideLeft,EyeBlinkRight,EyeLookDownRight,EyeLookInRight,EyeLookOutRight,EyeLookUpRight,EyeSquintRight,EyeWideRight,JawForward,JawRight,JawLeft,JawOpen,MouthClose,MouthFunnel,MouthPucker,MouthRight,MouthLeft,MouthSmileLeft,MouthSmileRight,MouthFrownLeft,MouthFrownRight,MouthDimpleLeft,MouthDimpleRight,MouthStretchLeft,MouthStretchRight,MouthRollLower,MouthRollUpper,MouthShrugLower,MouthShrugUpper,MouthPressLeft,MouthPressRight,MouthLowerDownLeft,MouthLowerDownRight,MouthUpperUpLeft,MouthUpperUpRight,BrowDownLeft,BrowDownRight,BrowInnerUp,BrowOuterUpLeft,BrowOuterUpRight,CheekPuff,CheekSquintLeft,CheekSquintRight,NoseSneerLeft,NoseSneerRight,TongueOut,HeadYaw,HeadPitch,HeadRoll,LeftEyeYaw,LeftEyePitch,LeftEyeRoll,RightEyeYaw,RightEyePitch,RightEyeRoll,Angry,Disgusted,Fearful,Happy,Neutral,Sad,Surprised
00:00:00:00.000,68,0.0,0.0,0.0,0.0,0.0,0.00145111552,0.0,0.0,0.0,0.0,0.0,0.0,0.0014677197600000001,0.0,0.0005581311200000001,0.0,0.00209382792,0.0,0.0,0.0,-0.0,0.00021961728000000001,0.0,0.0,0.0,0.013205046960000001,0.01626954672,0.0,0.0,0.010710556080000001,0.0137531832,0.0018026144800000002,0.0003133716,0.0018512278399999999,0.00040516792,0.0,0.0,0.0049323395200000005,0.00673615336,0.00052517224,0.00031270072,0.0,0.0,0.035727605200000005,0.03523776528,0.03523311616,0.0,0.0,0.0,0.0,-0.0,0.0,0.0,0.0,0.0,0.0,0.0,0.0,0.0,0.0,0.0,0.0,0.0,0.0,0.0,0.0,0.0,0.0
00:00:00:01.016,68,0.0,0.0,0.0,0.0,0.0,0.013095481315717125,0.06446287035942078,0.0,0.0,0.0,0.0,0.0,0.013110871356592693,0.06445837765932083,0.0015009023430745615,0.00015779488603584468,0.00261645634423363,0.005190485157072544,0.003154780250042677,0.001518493751063943,-6.157396273920313e-05,0.001231635703191383,0.0,0.007385847624391317,0.005498625338077545,0.013219259897263117,0.01638411856509002,0.002308131894096732,0.002316571306437254,0.019117669917099782,0.022925276096189023,0.0031854000020486235,0.0012273350695797467,0.0019406577881198308,0.0005814025808288208,0.0002208518999395892,0.00014097457460593432,0.012555289329604882,0.014129632624581213,0.0007220627724812345,0.00030166128180966496,0.005117493215948343,0.00515450444072485,0.039180209869390525,0.03577334986739795,0.03575143935671667,6.105833745095879e-05,0.0020788093097507954,0.003082595532760024,2.88350220216671e-05,7.805913810443599e-06,0.0,0.0,0.0,0.0,0.0,0.0,0.0,0.0,0.0,0.0,0.5488232374191284,0.49053484201431274,0.7697567939758301,0.09626380354166031,1.3358831405639648,0.691990077495575,1.01536226272583
00:00:00:02.033,68,0.0,0.0,0.0,0.0,0.0,0.02454152181315769,0.12673811614513397,0.0,0.0,0.0,0.0,0.0,0.02453973866758999,0.1267125904560089,0.00285405140269783,0.00035035196924582124,0.003443414480248406,0.012068411335349083,0.006131669972091913,0.005033022724092007,5.3163093980401754e-05,0.002301221519635267,0.0001072344821295701,0.014307069592177868,0.010431379079818726,0.01298429618238437,0.016407620907574635,0.00456483056768775,0.004614036995917559,0.02711440770199585,0.031830547342011226,0.004193342160920935,0.002068578031750789,0.0020613523828362937,0.0008354508247718209,0.0004151996108703315,0.00019251690537203103,0.021043555839536515,0.023021524412246627,0.0008672472835378886,0.0004300402319482792,0.00824764184653759,0.008333960548043251,0.04256472644664938,0.03762352460916633,0.03757707500602244,9.294664778281003e-05,0.003901508403941989,0.00586934108287096,0.00011137501860503107,-3.524393105180934e-05,0.0,0.0,0.0,0.0,0.0,0.0,0.0,0.0,0.0,0.0,1.1053663492202759,1.1484545469284058,1.292243480682373,0.19706928730010986,2.622520923614502,1.5258510112762451,1.9733890295028687
00:00:00:03.050,68,0.0,0.0,0.0,0.0,0.0,0.03568617015951835,0.18231447041034698,0.0,0.0,0.0,0.0,0.0,0.03568494092736183,0.18228593468666077,0.0040027125971197125,0.0005046469741500914,0.004117077942481916,0.022225160151720047,0.009508932940661907,0.016686936840415,0.000432141765486449,0.0033320129304838086,1.8396556697553024e-05,0.02241360768675804,0.016266532242298126,0.01280499008384993,0.016331376967444185,0.006212280597537756,0.006236202549189329,0.033351825554770856,0.03894382979435177,0.005741085187938357,0.003030080757717209,0.002215033331846179,0.001082358027134161,0.0006379848346114159,0.00035870628198608756,0.03421756212502457,0.03562884553793442,0.0013896327297700179,0.0005410082066452861,0.008217384107410908,0.008339581079781055,0.04593949451811247,0.03754925878944412,0.037484991864136424,0.00018171519332099706,0.005975458770990372,0.008794245310127735,0.0001439883781131357,0.00016226444859057665,0.0,0.0,0.0,0.0,0.0,0.0,0.0,0.0,0.0,0.0,1.6595730781555176,1.6706706285476685,1.7919626235961914,0.3021324574947357,3.660963535308838,2.2658400535583496,3.4245541095733643
00:00:00:04.066,68,0.0,0.0,0.0,0.0,0.0,0.047992018356731565,0.20621919631958008,0.0,0.0,0.0,0.0,0.0,0.04797946492554756,0.20619766414165497,0.005529726640649548,0.0006964619387872517,0.005723203147088433,0.037164703011512756,0.011028418317437172,0.04280782490968704,0.00225249445065856,0.003851233259390173,5.8906080084852874e-06,0.026688899844884872,0.02031780779361725,0.012703821265370502,0.016427340657796174,0.007963032461702824,0.008086384274065495,0.03993627874299416,0.0465051665543338,0.005064703872486949,0.003633399072488756,0.0024576292967105097,0.001389696253019173,0.0008040767861530185,0.000390594796044752,0.04988774509230232,0.051395102588815154,0.004397983616055789,0.0033627195214013337,0.013453851453959942,0.013553157448768616,0.04637299606980253,0.040107716936553905,0.040007650571988115,0.0001435606536688283,0.0075476570054888725,0.01107581052929163,0.00029326946241781116,0.00029025995172560215,0.0,0.0,0.0,0.0,0.0,0.0,0.0,0.0,0.0,0.0,2.070647954940796,2.172844648361206,1.969190239906311,0.38233497738838196,4.888314247131348,2.876133441925049,5.336239337921143
00:00:00:04.083,68,0.0,0.0,0.0,0.0,0.0,0.06097119192615654,0.2276749610900879,0.0,0.0,0.0,0.0,0.0,0.060943925257384644,0.22755484282970428,0.007320736739781542,0.0008748871041461825,0.007863754599792556,0.06604328006505966,0.011787905357778072,0.08454310148954391,0.015773531049489975,0.004401349429172497,0.00024302781093865633,0.029485216364264488,0.02186090685427189,0.012314577683282417,0.01666622928427979,0.009537314996123314,0.01005309447646141,0.04885699824560372,0.05851363319457314,0.005208060672461758,0.004260825400169773,0.0026676412982726337,0.0017327191052565836,0.0011552480282261968,0.00044680622522719204,0.09195950556646897,0.09475722610216461,0.01149016905835598,0.011352907164810981,0.009586368687450886,0.009845263324677944,0.05286705008678936,0.04494075406589989,0.04478109165404341,0.0001881736534414813,0.00943444762378931,0.014309997670352459,0.00021891575306653976,-0.00015771314792800695,0.0,0.0,0.0,0.0,0.0,0.0,0.0,0.0,0.0,0.0,2.8227736949920654,3.222990036010742,2.178455114364624,0.5063688158988953,6.521790981292725,4.326826095581055,5.163949489593506
00:00:00:06.100,68,0.0,0.0,0.0,0.0,0.0,0.061664584901493756,0.20936188101768494,0.0,0.0,0.0,0.0,0.0,0.06170055846056511,0.2093379944562912,0.008155392178812474,0.0007219265680760145,0.011140587391455917,0.08684801310300827,0.007970314472913742,0.11457059532403946,0.007844805717468262,0.0034436862615647556,0.0,0.03194025158882141,0.024899303913116455,0.012538374051063714,0.01655322426420057,0.00956804770976305,0.009846052154898643,0.05446991401811584,0.06446996848906028,0.00451540144000473,0.003946041796803813,0.002425126630520722,0.0018250247186131405,0.0009825854276190114,0.0004061741637997329,0.1251819815408101,0.1283072344799353,0.026636719801157036,0.02617718635870598,0.0030845084693282843,0.0032418316695839167,0.056268818326929745,0.04162704540779188,0.04151015654041481,7.980733789736405e-05,0.01269003376364708,0.017705809324979782,0.0004049639101140201,0.0004274495004210621,0.0,0.0,0.0,0.0,0.0,0.0,0.0,0.0,0.0,0.0,2.861546277999878,2.852766513824463,2.5401065349578857,0.5132356882095337,6.629033088684082,3.962146282196045,5.33338737487793
00:00:00:07.116,68,0.0,0.0,0.0,0.0,0.0,0.059912710077876664,0.19028359651565552,0.0,0.0,0.0,0.0,0.0,0.05994386242032791,0.19030572474002838,0.009643436881401558,0.0008419897640123963,0.012902381435436917,0.10734512656927109,0.00685141421854496,0.13401414453983307,0.007515371311455965,0.003278607911411452,0.0,0.02965058758854866,0.02471132017672062,0.012472038599561936,0.016174799716072927,0.009335486218333244,0.009899142198264599,0.058578379487444154,0.06851058156977768,0.0038606342956858586,0.0037330069490772344,0.002522384568927761,0.0021127345358726048,0.0011927497075692464,0.0006481406162492931,0.15161789577671844,0.155574744224039,0.033943824725032046,0.03449124043178032,0.006705202627927065,0.006698959972709417,0.055511295811372985,0.0462103655209754,0.04604896489815998,0.00010337620915379375,0.01381575595587492,0.019585683941841125,5.381386654335074e-05,0.00016233995847869664,0.0,0.0,0.0,0.0,0.0,0.0,0.0,0.0,0.0,0.0,2.875995635986328,3.1287641525268555,2.284935474395752,0.5231546759605408,6.764185428619385,4.079561710357666,5.085033893585205
00:00:00:08.133,68,0.0,0.0,0.0,0.0,0.0,0.06312448888673737,0.1916082501411438,0.0,0.0,0.0,0.0,0.0,0.06310624061027802,0.1915377825498581,0.009494941159634934,0.0007071697618812323,0.014615491001311359,0.09224037081003189,0.004051940515637398,0.11886031180620193,0.005025879014283419,0.0029877815395593643,2.3390948626911268e-05,0.030095314607024193,0.0242939256131649,0.012387425049169397,0.01650399376389477,0.009881698526442051,0.010249968618154526,0.06031829120161301,0.06986505163452278,0.003975356589998493,0.003379099881999879,0.0026453114127649655,0.002613309191105552,0.0014429267547871709,0.0007826678338460624,0.1371435828172412,0.1417595081014978,0.034645368278740006,0.034692968766963886,0.009432033635675907,0.009620514698326588,0.06285678629770894,0.05183818901027615,0.05170211572139382,6.398171535693109e-05,0.015920531004667282,0.02175154723227024,0.0002733675646595657,0.0005487544694915414,0.0,0.0,0.0,0.0,0.0,0.0,0.0,0.0,0.0,0.0,3.057243824005127,2.896587371826172,2.5073740482330322,0.5430528521537781,6.1809916496276855,3.8977279663085938,5.61297082901001
00:00:00:09.150,68,0.0,0.0,0.0,0.0,0.0,0.0625701881769101,0.1872091144323349,0.0,0.0,0.0,0.0,0.0,0.06255191879851044,0.18712610006332397,0.011950036594771214,0.0007128837751224637,0.015350715798737927,0.0867600366473198,0.002874012803658843,0.09880716353654861,0.0017253627302125096,0.002040659310296178,0.0002696672163438052,0.03677922114729881,0.02978658117353916,0.012432913467373047,0.01647465670730016,0.01022358052432537,0.010643402114510536,0.059236121903218156,0.06970830783332099,0.0035384111774632125,0.003550362196484003,0.0026705335678793014,0.0026837120988969566,0.0011895305757919311,0.000495512445922941,0.12087343933592072,0.12659630141316605,0.03214048303855644,0.032078194547925036,0.00939011201262474,0.009506210684776306,0.0627727754322718,0.0500286481984066,0.04985008129302479,0.00011658191942842677,0.016797078773379326,0.02193983644247055,0.0001521454396424815,0.00038689866778440773,0.0,0.0,0.0,0.0,0.0,0.0,0.0,0.0,0.0,0.0,2.9598445892333984,3.054547071456909,2.14385986328125,0.5447749495506287,5.798612594604492,4.231978893280029,5.859012603759766
00:00:00:09.166,68,0.0,0.0,0.0,0.0,0.0,0.06170529354009613,0.18689264357089996,0.0,0.0,0.0,0.0,0.0,0.061716881267819976,0.1868971288204193,0.010263354165197601,0.000756993074901402,0.016148316522640916,0.070051409304142,0.0032255181577056646,0.07838063687086105,0.0023568756878376007,0.002408819505944848,0.0,0.04677627980709076,0.03874855861067772,0.012946892379220748,0.016633823139843847,0.009288969449698925,0.009565472602844238,0.052632092649668505,0.06098799925377464,0.003037039771748142,0.00359378505010324,0.0028282579845169543,0.002307164079289997,0.0013551175494419456,0.0006861683796159923,0.10188786906653198,0.10683631006195618,0.02832043877694168,0.0272093559901799,0.011593272909522057,0.011663033626973629,0.06364053223859714,0.05359053540250603,0.05342852437714565,9.40921891015023e-05,0.015421922318637371,0.020322656258940697,0.00022220205573830754,0.00022515370801556855,0.0,0.0,0.0,0.0,0.0,0.0,0.0,0.0,0.0,0.0,2.999830722808838,3.1280734539031982,1.9577375650405884,0.5515347719192505,6.316790580749512,4.891574859619141,4.647724151611328
00:00:00:10.183,68,0.0,0.0,0.0,0.0,0.0,0.058130103039938964,0.19248437881469727,0.0,0.0,0.0,0.0,0.0,0.058057538395298154,0.19245459139347076,0.010793251386043643,0.0008525718003511429,0.014998545882239839,0.048990100622177124,0.0042235394939780235,0.051501475274562836,0.0004168213636148721,0.0028719245456159115,0.00044857486500404775,0.056119028478860855,0.04615231975913048,0.013009145895148004,0.016772785399607363,0.009502379223704338,0.009769212454557419,0.04751902071605591,0.05607474449056671,0.003088353115354967,0.0030831297768777323,0.0026640409797027502,0.0026676900768062258,0.00137461155504519,0.0006129266050306666,0.07876370775677033,0.0836673363667868,0.023210688783392143,0.0228760047481266,0.009400516748428345,0.0094577232375741,0.06297094300063881,0.05791023484184277,0.05772236064000435,4.8866868382901885e-06,0.015075702220201492,0.018874725326895714,0.000403673475375399,0.00020301327458582819,0.0,0.0,0.0,0.0,0.0,0.0,0.0,0.0,0.0,0.0,2.9331226348876953,3.5163965225219727,1.8674343824386597,0.5450782775878906,6.1154279708862305,5.069846153259277,4.482712268829346
00:00:00:12.200,68,0.0,0.0,0.0,0.0,0.0,0.05557203123273888,0.19036102294921875,0.0,0.0,0.0,0.0,0.0,0.05554709828597733,0.19038917124271393,0.00996049775731865,0.000885639397893101,0.015370443665276623,0.03820951282978058,0.0011481019901111722,0.04714170843362808,0.0005389762809500098,0.0025801309384405613,0.00024939447757788,0.06348744034767151,0.05312062427401543,0.01351544473821733,0.01693193313718556,0.009368210099637508,0.009413640014827251,0.04079041255399353,0.049102067207020796,0.0032401775602720643,0.003460377640232301,0.00273597230593179,0.002117240866073141,0.0011152519804738044,0.0004321773203208816,0.07170702832623962,0.07636210437253144,0.022133025169061776,0.021211917422825927,0.007927648723125458,0.00796654261648655,0.06188672111317985,0.0592476949421724,0.05904199409328605,2.6214420358883217e-05,0.013817881233990192,0.018078451976180077,0.0005351219442673028,0.00039551869849674404,0.0,0.0,0.0,0.0,0.0,0.0,0.0,0.0,0.0,0.0,3.1715283393859863,3.779789686203003,1.8428444862365723,0.5603413581848145,4.752399444580078,4.367286205291748,5.975457668304443
00:00:00:13.216,68,0.0,0.0,0.0,0.0,0.0,0.05576078359982872,0.19264253973960876,0.0,0.0,0.0,0.0,0.0,0.05570950320820107,0.1926041543483734,0.009618961501784134,0.000792750739492476,0.015625926140160847,0.03489616513252258,0.0013399639865383506,0.05249517410993576,0.0007567895809188485,0.0024678397458046675,0.00018270850705448538,0.07009649276733398,0.060705214738845825,0.013889061533296913,0.01715817147332112,0.009793054312467575,0.010050749406218529,0.03940280485788502,0.04861973600760887,0.002995340759546187,0.0034148850549151947,0.002833865286562219,0.002564689897235663,0.0012678841014142394,0.000583439802169255,0.07703464700620666,0.0826098576333339,0.02492000775762104,0.02347544752368015,0.007609112188220024,0.00762974563986063,0.06131728069627144,0.061000157156786576,0.06081538647911789,-4.6125649532768875e-05,0.015957260504364967,0.020812997594475746,0.0004183403798379004,0.0003883148601744324,0.0,0.0,0.0,0.0,0.0,0.0,0.0,0.0,0.0,0.0,3.0035901069641113,3.2746291160583496,2.0127041339874268,0.5372077822685242,4.8539533615112305,4.1806864738464355,6.644443988800049
00:00:00:14.233,68,0.0,0.0,0.0,0.0,0.0,0.05706737639787705,0.18006129562854767,0.0,0.0,0.0,0.0,0.0,0.05699474023412651,0.17998188734054565,0.00958860593025568,0.0007158276275731623,0.016092907061311685,0.03590606898069382,0.0009020683355629444,0.06003875657916069,0.0070222122594714165,0.0030389598105102777,0.0002992029476445168,0.0762045606970787,0.06721466779708862,0.013844086802251155,0.017869279580742053,0.010045614093542099,0.010477578267455101,0.03870944496499485,0.04804872874033478,0.003256790024084289,0.00323474250695384,0.0030295542697089915,0.0030957692505633834,0.001248909593210883,0.0005650136373928726,0.09079761671893005,0.09535814855097595,0.031108496481601945,0.030318263889179572,0.004124312661588192,0.00424592848867178,0.06373463608636937,0.06488308159661363,0.06473709565056238,-1.279503067053156e-05,0.018962938338518143,0.023127494379878044,0.0007517771446146071,0.0009471543016843498,0.0,0.0,0.0,0.0,0.0,0.0,0.0,0.0,0.0,0.0,2.9852969646453857,2.9239654541015625,1.9883110523223877,0.5350310206413269,5.782814025878906,4.504856586456299,5.720130443572998
00:00:00:14.250,68,0.0,0.0,0.0,0.0,0.0,0.05804449752070366,0.1499367356300354,0.0,0.0,0.0,0.0,0.0,0.058045971223438034,0.14992927014827728,0.008440326685141048,0.0008296429296024144,0.015619388599952221,0.038251329213380814,0.001075100852176547,0.0741746723651886,0.004482361488044262,0.002719379961490631,7.081240619299933e-05,0.08082891255617142,0.07305949926376343,0.014873857551977971,0.018566782469832847,0.009363177232444286,0.009925566613674164,0.034524440396771966,0.044222965091879195,0.003188279959702566,0.0034735239059255504,0.0030460386621411744,0.002989044992287817,0.0012384851855799651,0.0005667635093141026,0.1025674589004213,0.10765022415755798,0.03541007648211647,0.033862921068897094,0.004589329473674297,0.004614694509655237,0.060850993568811115,0.06290326863166032,0.06272221912499493,-3.359734910191037e-05,0.018981531262397766,0.02396782487630844,0.0003958026645705104,0.0008917357190512121,0.0,0.0,0.0,0.0,0.0,0.0,0.0,0.0,0.0,0.0,3.047548770904541,3.481461763381958,1.796358585357666,0.5414778590202332,5.733166694641113,5.280148029327393,4.622818946838379
00:00:00:16.266,68,0.0,0.0,0.0,0.0,0.0,0.05827998967200836,0.12466032803058624,0.0,0.0,0.0,0.0,0.0,0.05828415985291733,0.12468582391738892,0.007751156193244801,0.0008798105991445482,0.014789790264797917,0.04235781729221344,0.001089928438887,0.07354602962732315,0.0072042071260511875,0.0029185921885073185,0.00026525408611632884,0.08430518954992294,0.07704298943281174,0.01491939906504082,0.01836483294823865,0.008156422525644302,0.008847950957715511,0.03487524392405625,0.043686423460817185,0.0033863277901543237,0.0032559055827570725,0.0031224443451315954,0.0034723770887171795,0.0013706796656159162,0.0006824529526255727,0.11694493703127029,0.12263129463158615,0.03743717180904228,0.0369490051009906,0.009154886938631535,0.009153146296739578,0.062265486246683426,0.0675357632533306,0.06732365564822121,4.8451125621795654e-05,0.019514605402946472,0.025074509903788567,0.0005601278971880674,0.0011749945115298033,0.0,0.0,0.0,0.0,0.0,0.0,0.0,0.0,0.0,0.0,3.097710371017456,3.846302032470703,1.755545973777771,0.575135350227356,5.860954284667969,5.467606544494629,3.8558993339538574
00:00:00:16.283,68,0.0,0.0,0.0,0.0,0.0,0.061492047860340425,0.10697915405035019,0.0,0.0,0.0,0.0,0.0,0.0615202085564476,0.10706906020641327,0.008772254746169472,0.0007692787912674248,0.015143588891224823,0.05024166405200958,0.002056153491139412,0.07730293273925781,0.004611389711499214,0.0022104717791080475,0.00023949235037434846,0.08649776130914688,0.0791446715593338,0.015004710835472255,0.018790171060852574,0.009067216888070107,0.009974587708711624,0.03777736499219772,0.04748515633096924,0.003532565825530138,0.0033508834021982433,0.0032380137864842463,0.003104813608463669,0.001320985424644158,0.000779305767869488,0.12333665338621688,0.12852046604997483,0.04055527282475845,0.04020043733895966,0.010084722191095352,0.01000854279845953,0.06710285915749123,0.06774860171175065,0.0675630926700827,6.924301123945042e-05,0.02376404218375683,0.02962786704301834,0.000752587744500488,0.0029375748708844185,0.0,0.0,0.0,0.0,0.0,0.0,0.0,0.0,0.0,0.0,3.014596462249756,3.4498932361602783,1.9631431102752686,0.5609090924263,5.981442451477051,4.749380588531494,4.660499572753906
00:00:00:18.300,68,0.0,0.0,0.0,0.0,0.0,0.06041634558553375,0.09691428393125534,0.0,0.0,0.0,0.0,0.0,0.0604371787807843,0.09697962552309036,0.008977571334430466,0.0008012440521270037,0.01577217500541378,0.05272456631064415,0.002833286300301552,0.07679149508476257,0.00043838334386236966,0.0026917732320725918,0.00024647146346978843,0.08379674702882767,0.07615263760089874,0.01532458964749648,0.01860994093714621,0.00845160149037838,0.009073629043996334,0.04397362250819748,0.05249336809233826,0.0031952987210482693,0.003177157290296955,0.003131531271953366,0.0034335603235951615,0.0015191807180969764,0.0009019297496881664,0.12828155938789795,0.1334729254446588,0.041137420150494534,0.040512943967205735,0.014644150622189045,0.01461456436663866,0.06596876050799741,0.06909634026445816,0.06891958561318863,0.00011212795652681962,0.024448148906230927,0.029346413910388947,0.0011181740555912256,0.0025967282708734274,0.0,0.0,0.0,0.0,0.0,0.0,0.0,0.0,0.0,0.0,2.9110286235809326,3.5027174949645996,1.8189438581466675,0.5765570998191833,6.657016754150391,4.794797420501709,4.286137104034424
00:00:00:18.316,68,0.0,0.0,0.0,0.0,0.0,0.06133248206372452,0.10859581083059311,0.0,0.0,0.0,0.0,0.0,0.061296154977798153,0.10850933194160461,0.009641550530623036,0.0006447092164307833,0.01662723083741125,0.05183824151754379,0.009075864218175411,0.06520485132932663,0.0008948232280090451,0.0027924724854528904,0.00020934254280291498,0.07910739630460739,0.07004398852586746,0.015262086407657843,0.019156767664766535,0.009152194485068321,0.009847820736467838,0.05172375290961899,0.06134408341859276,0.0030794719631069634,0.002949126895144734,0.0032366580605989637,0.004260941566443777,0.0017912519337049651,0.0009956586066665375,0.11719116494977477,0.1215323354872293,0.03507377228587837,0.03392395923085113,0.017668001353740692,0.01785271428525448,0.07312789931035438,0.07469957319199082,0.07455266859472093,2.324074557691347e-05,0.027176974341273308,0.03189563751220703,0.0013104378012940288,0.0017284001223742962,0.0,0.0,0.0,0.0,0.0,0.0,0.0,0.0,0.0,0.0,2.832292079925537,3.0997276306152344,1.909306287765503,0.571757435798645,7.370667457580566,5.204713344573975,3.6088833808898926
00:00:00:19.333,68,0.0,0.0,0.0,0.0,0.0,0.06050161669959892,0.1138375774025917,0.0,0.0,0.0,0.0,0.0,0.06048180701718132,0.11381418257951736,0.010580407099964904,0.0006339983083307743,0.018365509267339288,0.04994817078113556,0.015613336116075516,0.05474768206477165,0.0004998649237677455,0.002177327871322632,0.00012759477249346673,0.0783730074763298,0.07011821120977402,0.015659608240899743,0.01944499034680877,0.010255852714180946,0.010758917778730392,0.05797474384212067,0.06755715607858001,0.003069837507149801,0.0033170177364793014,0.003275723153718671,0.00357358598045619,0.0017740283446562673,0.001231008616180477,0.09640031117871124,0.10275304760591095,0.02554482600476883,0.024156099242552298,0.015496978536248207,0.015516725368797779,0.08230821937083634,0.07830882892050683,0.07816791684101823,6.0752332501579076e-05,0.02974439598619938,0.03475029394030571,0.0010325745679438114,0.001219076686538756,0.0,0.0,0.0,0.0,0.0,0.0,0.0,0.0,0.0,0.0,2.7542905807495117,2.937283754348755,2.023285150527954,0.5637732744216919,7.237615585327148,4.743142127990723,4.107832908630371
00:00:00:21.350,68,0.0,0.0,0.0,0.0,0.0,0.05801949852472183,0.13063126802444458,0.0,0.0,0.0,0.0,0.0,0.0580533908846685,0.13073496520519257,0.011155961632381516,0.0006557455635629594,0.017309622279887332,0.045577820390462875,0.02622317709028721,0.04058975353837013,0.0013103852979838848,0.002456722315400839,0.00021153182024136186,0.07172534614801407,0.06473426520824432,0.015960344974776244,0.01973994842395048,0.010444867424666882,0.010797228664159775,0.05977260172423401,0.06863683460128937,0.0026858362865492032,0.0033569162197441245,0.0029759435291054053,0.002736419245771668,0.0015441528916278911,0.0009935405015211248,0.08062565907144958,0.08539901709731598,0.018596121612681312,0.016972394749314994,0.015472106635570526,0.015421217307448387,0.08736402766601051,0.08343560772574685,0.08330484630477752,1.914799213409424e-06,0.029607556760311127,0.03391999751329422,0.0012882916489616036,0.0014985162997618318,0.0,0.0,0.0,0.0,0.0,0.0,0.0,0.0,0.0,0.0,2.790227174758911,3.020076036453247,1.9064289331436157,0.5741275548934937,7.142356872558594,4.921887397766113,4.073998928070068
00:00:00:21.366,68,0.0,0.0,0.0,0.0,0.0,0.05605472142016304,0.14995482563972473,0.0,0.0,0.0,0.0,0.0,0.05603935911901031,0.14992180466651917,0.010837393394676648,0.0007075157482177019,0.015283058954215431,0.03961654379963875,0.029509907588362694,0.03550410270690918,0.004515817854553461,0.0028954287990927696,0.00025189638836309314,0.07012134045362473,0.061692699790000916,0.01622362558308309,0.019951586997791662,0.010529515333473682,0.010687163099646568,0.06134510039318863,0.06958242135993217,0.002858113805521002,0.0036482160829477027,0.002907246781474208,0.002573802540345242,0.001529848267330115,0.0009126246258128846,0.07553577277659317,0.08036109504315246,0.014275312508123398,0.012565134342383079,0.009349347092211246,0.00941246934235096,0.09071454183033303,0.08929520176057151,0.08912543058889374,-9.988993406295776e-05,0.02743051014840603,0.03206132352352142,0.0012885906035080552,0.0011534745572134852,0.0,0.0,0.0,0.0,0.0,0.0,0.0,0.0,0.0,0.0,2.973226547241211,3.4476723670959473,1.8215587139129639,0.5950345993041992,6.751345157623291,5.132959842681885,3.8702521324157715
00:00:00:22.383,68,0.0,0.0,0.0,0.0,0.0,0.054529075551183394,0.17093834280967712,0.0,0.0,0.0,0.0,0.0,0.054538683025225146,0.17092952132225037,0.010784375090855579,0.0006232104497030377,0.015423892251467133,0.03597304970026016,0.02435721643269062,0.043566152453422546,0.006597014609724283,0.00277124997228384,0.00013100415526423603,0.07214197516441345,0.06346048414707184,0.016657027032572446,0.020357770831048557,0.01050642877817154,0.0105840303003788,0.06009412478724838,0.0687346778463163,0.003358623383808038,0.0039307676507835294,0.0029345085655181845,0.002256334777685523,0.0012874811241536284,0.0005682995599909103,0.08014702313555298,0.08465074303841004,0.015694471952224197,0.013786534678936443,0.0065028006210923195,0.0065331486985087395,0.0928823426489534,0.09255348814915015,0.09240859669899223,-0.00010414004646008834,0.026458822190761566,0.031042518094182014,0.0011122227879241109,0.0009325064602307975,0.0,0.0,0.0,0.0,0.0,0.0,0.0,0.0,0.0,0.0,2.9111151695251465,3.0778720378875732,1.9946022033691406,0.5931827425956726,6.669010639190674,4.924231052398682,4.358460426330566
00:00:00:24.400,68,0.0,0.0,0.0,0.0,0.0,0.052750758848424145,0.18287363648414612,0.0,0.0,0.0,0.0,0.0,0.05274035128079002,0.18293029069900513,0.00988272092549202,0.0007177074439823627,0.014271236043191185,0.03679538890719414,0.015132222324609756,0.06607603281736374,0.006722061429172754,0.0026163586881011724,0.00015595942386426032,0.07361125200986862,0.0671139657497406,0.01701872260791538,0.020664888862476506,0.01076534390449524,0.010984264314174652,0.05499318690040543,0.06295531017306008,0.003161991044386692,0.003914464651659594,0.002914445975219594,0.0027007451450089598,0.0013566925146513437,0.0007962605517033828,0.09368298652077514,0.09903862886031709,0.021455876913543625,0.020233270378823432,0.00512353703379631,0.005088456440716982,0.0897375337707061,0.09210019037240624,0.09194436743071113,-3.342658237670548e-05,0.024525310844182968,0.029739104211330414,0.0007458512554876506,0.0008574647945351899,0.0,0.0,0.0,0.0,0.0,0.0,0.0,0.0,0.0,0.0,2.7481822967529297,3.1172573566436768,1.8845916986465454,0.5528993010520935,6.62280797958374,5.056158065795898,4.567483425140381
00:00:00:25.416,68,0.0,0.0,0.0,0.0,0.0,0.052075234385416946,0.18920814990997314,0.0,0.0,0.0,0.0,0.0,0.05203054354380936,0.18923407793045044,0.00920917891880333,0.0007563534891232848,0.013205431435319766,0.049106039106845856,0.011089252308011055,0.08272004127502441,0.008247883059084415,0.003122223075479269,0.0002566093171481043,0.07496010512113571,0.0677606612443924,0.017211228929348385,0.02078951943165597,0.010843439027667046,0.011168649420142174,0.055503015196921385,0.06537748802144494,0.0035492665688770485,0.003698998870111656,0.0031444757615659287,0.00354144229470984,0.0014224782060324765,0.0008534131717967379,0.1066860877151686,0.11158958973364869,0.027980249833305014,0.0280113412356773,0.005088252481073141,0.005107994191348553,0.08583518189811394,0.09100908639159822,0.09083902384896897,-1.7668902728473768e-05,0.02416507713496685,0.029084783047437668,0.0006418483098968863,0.0008080253028310835,0.0,0.0,0.0,0.0,0.0,0.0,0.0,0.0,0.0,0.0,2.687670946121216,3.147954225540161,1.9723238945007324,0.5525853037834167,6.834951400756836,4.794595718383789,4.613801002502441
00:00:00:26.433,68,0.0,0.0,0.0,0.0,0.0,0.0502625576507534,0.19058188796043396,0.0,0.0,0.0,0.0,0.0,0.05025650181844086,0.19062408804893494,0.009355993494489078,0.0007933854940347373,0.013732438882217026,0.07150591909885406,0.007135605439543724,0.10242005437612534,0.006467004306614399,0.0026887492276728153,0.0002994689275510609,0.0688365250825882,0.06278009712696075,0.017510412083557855,0.020719075404546358,0.010465583764016628,0.010843034833669662,0.05518846888061592,0.06526064502076043,0.003824787675992956,0.003761203443760872,0.002914823453834128,0.003331332382093363,0.0012977815276634503,0.0007271045692466414,0.12247032748761154,0.12740863118076293,0.033849535037882995,0.03401849666711555,0.007831845432519913,0.00782147329300642,0.07626845832951233,0.08910793214788712,0.0889327690171669,1.6230642359005287e-05,0.02290334925055504,0.028269395232200623,0.000649993889965117,0.0011186396004632115,0.0,0.0,0.0,0.0,0.0,0.0,0.0,0.0,0.0,0.0,2.8286349773406982,3.4354021549224854,2.0801331996917725,0.5730911493301392,6.073716640472412,4.395656585693359,5.352129936218262
00:00:00:26.450,68,0.0,0.0,0.0,0.0,0.0,0.051170025164757,0.1965540647506714,0.0,0.0,0.0,0.0,0.0,0.051123924124314345,0.19652999937534332,0.008573891621821423,0.0007248609326779842,0.01639413739855318,0.08514755964279175,0.006550531834363937,0.11200042068958282,0.00508471904322505,0.0025052782148122787,0.00015197426546365023,0.06410375982522964,0.057922352105379105,0.017328249832559473,0.021024747413971562,0.00939331203699112,0.009840012528002262,0.05155082720522484,0.0626967884901577,0.003525383851970985,0.0034851028486606694,0.0029060782920439514,0.003988896244486084,0.0015524243645948196,0.000927592665817554,0.14207311384592225,0.14854662683110717,0.03935134635693581,0.03909772169098625,0.009507261216640472,0.009569033049046993,0.07676292657686798,0.08863849270804161,0.08847868812096749,9.171158308163285e-05,0.022923285141587257,0.028485646471381187,0.00030890267225913703,0.0006614686571992934,0.0,0.0,0.0,0.0,0.0,0.0,0.0,0.0,0.0,0.0,2.8126373291015625,3.108649969100952,2.298255443572998,0.5550507307052612,6.666298866271973,4.184394359588623,5.222315788269043
00:00:00:28.466,68,0.0,0.0,0.0,0.0,0.0,0.05245652457618584,0.20382000505924225,0.0,0.0,0.0,0.0,0.0,0.05241851174201248,0.2038840502500534,0.010709748935015813,0.0007565671694464982,0.016779010390208092,0.07662376761436462,0.006469082087278366,0.10098562389612198,0.00480005145072937,0.0028428055811673403,0.0002914693905040622,0.061223745346069336,0.056300994008779526,0.017514858556725733,0.0211439737093352,0.010328802280128002,0.010617495514452457,0.05996251258438629,0.06981049925459443,0.0031100214406380917,0.002746080405750079,0.002811413573034307,0.004569759480868693,0.001290149587934618,0.000842112627917974,0.13129930382343535,0.13633126353941985,0.03810490643613594,0.03921033416773025,0.004931546747684479,0.004916040226817131,0.08011433632664322,0.086124603462025,0.08596939596834335,6.930023664608598e-05,0.02301923744380474,0.02766861394047737,0.0005329761770553887,0.0010064514353871346,0.0,0.0,0.0,0.0,0.0,0.0,0.0,0.0,0.0,0.0,2.671443462371826,3.0844039916992188,2.405117988586426,0.5579766631126404,6.693118572235107,3.9849090576171875,5.320094585418701
00:00:00:28.483,68,0.0,0.0,0.0,0.0,0.0,0.05416774049654617,0.20765112340450287,0.0,0.0,0.0,0.0,0.0,0.05418466744833931,0.20767593383789062,0.009335273440318223,0.0006603241199627519,0.018264687417186603,0.06517184525728226,0.005856490693986416,0.0913066416978836,0.0015161259798333049,0.002275201492011547,0.0,0.05762411653995514,0.05299859121441841,0.017823353752931672,0.02124050640005984,0.010428198613226414,0.010551374405622482,0.06028181015413498,0.0714209720220076,0.0030736903859536553,0.0029275091976688717,0.00278493367709504,0.003713528233930855,0.0012335855277556514,0.0007863424529532266,0.11090331823232193,0.1151824526780484,0.03552418099430389,0.034560005131446685,0.005502062849700451,0.005539018660783768,0.07907142789546952,0.08465309295860947,0.08452588466268571,0.00011184632603544742,0.02330951951444149,0.028405847027897835,0.0003046707424800843,0.0007865662919357419,0.0,0.0,0.0,0.0,0.0,0.0,0.0,0.0,0.0,0.0,2.6948978900909424,2.63925838470459,2.517885446548462,0.5247514247894287,6.20586633682251,4.055858612060547,6.114019870758057
00:00:00:29.500,68,0.0,0.0,0.0,0.0,0.0,0.05654530962732079,0.20474779605865479,0.0,0.0,0.0,0.0,0.0,0.05649962434248558,0.20474575459957123,0.010403958949247151,0.0007349508232437074,0.017397910711845987,0.04278528317809105,0.007248676382005215,0.061604633927345276,0.0007913990411907434,0.002845314098522067,0.0003115209983661771,0.057948313653469086,0.05100028216838837,0.01800816984079307,0.021459793656501566,0.010109659284353256,0.010378279723227024,0.0626262374457978,0.07373009993703636,0.0029825053169058777,0.0027948720024781703,0.002977715193316474,0.005027094872417584,0.0013361946328896118,0.0008073796178672301,0.08463720830593079,0.09037283284986786,0.028043718230168647,0.027427181971880037,0.008076944388449192,0.008157216012477875,0.08171601745954025,0.08957415741557334,0.08941967937027603,3.410428689676337e-05,0.02193577028810978,0.026671208441257477,0.0004005686496384442,0.0005844546831212938,0.0,0.0,0.0,0.0,0.0,0.0,0.0,0.0,0.0,0.0,2.867621898651123,3.0939128398895264,2.611346483230591,0.5357313752174377,6.203830718994141,4.294538974761963,5.034322261810303
00:00:00:30.516,68,0.0,0.0,0.0,0.0,0.0,0.0593386302330056,0.208608016371727,0.0,0.0,0.0,0.0,0.0,0.059326981698916245,0.20872215926647186,0.01044351130663292,0.0006750356988050044,0.016691585217731036,0.034656062722206116,0.006902654655277729,0.05119623988866806,0.0003562752390280366,0.002529439516365528,2.4896562536014244e-05,0.06282427161931992,0.05469280108809471,0.020138082502094003,0.024027533578247696,0.010502896271646023,0.010546214878559113,0.062075434599571225,0.07374940065142654,0.0031160315916492105,0.0029741409957728766,0.003289268749259114,0.0041331987111185835,0.001159169992355795,0.0006559038544328654,0.07213013802127334,0.07687110711853759,0.022903201190676268,0.021136363222587624,0.00502561591565609,0.0049193305894732475,0.08474223314230866,0.08533144444216446,0.08520094905051834,-9.659826901042834e-06,0.023626964539289474,0.02855752967298031,0.0003283203695900738,0.0004728425992652774,0.0,0.0,0.0,0.0,0.0,0.0,0.0,0.0,0.0,0.0,2.815751314163208,2.9248499870300293,2.8225066661834717,0.533826470375061,6.282678127288818,4.0982255935668945,5.066496849060059
00:00:00:32.533,68,0.0,0.0,0.0,0.0,0.0,0.060043931007385254,0.21954359114170074,0.0,0.0,0.0,0.0,0.0,0.06003265455365181,0.21965742111206055,0.010645484069345169,0.0007297186530195177,0.016302042051555842,0.030664360150694847,0.008748151361942291,0.04585671052336693,0.0007681886781938374,0.0028074595611542463,0.000334576063323766,0.060951150953769684,0.05518088489770889,0.018099156921422832,0.02151136274669708,0.010528740473091602,0.010623164474964142,0.06240227221762802,0.07373725473733246,0.002623666078530152,0.002776507825999384,0.0027725559679295506,0.004077342266457472,0.0011773710134197902,0.0006782915561026168,0.06251716203767166,0.06863176528409545,0.018715945151411437,0.017808852771928407,0.007401364389806986,0.007340735290199518,0.08402660189913574,0.08537563382756774,0.08523845148305978,8.680492464918643e-05,0.022844385355710983,0.02805711328983307,0.0005101023125462234,0.000535429862793535,0.0,0.0,0.0,0.0,0.0,0.0,0.0,0.0,0.0,0.0,2.603938579559326,2.890035629272461,2.598820686340332,0.5342118740081787,6.688876152038574,4.374316692352295,4.891871452331543
00:00:00:33.550,68,0.0,0.0,0.0,0.0,0.0,0.06287682056427002,0.23179709911346436,0.0,0.0,0.0,0.0,0.0,0.0628523901104927,0.231816366314888,0.009865196711200543,0.0006712425383739173,0.016030881522051867,0.028489181771874428,0.009671458043158054,0.04097665846347809,0.0010808493243530393,0.0029952696058899164,0.00022078871552366763,0.054729439318180084,0.048755817115306854,0.017900014537166026,0.021729150361639752,0.011560014449059963,0.011644730344414711,0.06158178895361984,0.0734350800407048,0.002511884175914838,0.0026614517349822235,0.003131336688313117,0.004443074307020402,0.0012818672792837334,0.0007527370132102287,0.06101109201583214,0.06578720173951798,0.014755965868219433,0.01362067245838604,0.0069521162658929825,0.007057251408696175,0.08500975592242577,0.08658474016745629,0.08647640871063378,-6.633668817812577e-05,0.024135127663612366,0.02915133535861969,0.0005255584255792201,0.0006055833655409515,0.0,0.0,0.0,0.0,0.0,0.0,0.0,0.0,0.0,0.0,2.7631611824035645,2.737973690032959,2.7966675758361816,0.5168762803077698,6.934671878814697,4.317159175872803,4.523324012756348
00:00:00:33.566,68,0.0,0.0,0.0,0.0,0.0,0.06340928375720978,0.24330446124076843,0.0,0.0,0.0,0.0,0.0,0.0634019747376442,0.24335868656635284,0.01067809785735117,0.0006347645539790392,0.014418746940006963,0.03159750998020172,0.01202343963086605,0.04418502375483513,0.005475574638694525,0.0027012706268578768,8.735656592762098e-05,0.05276409536600113,0.04603968933224678,0.01792485686545583,0.021713421564157905,0.011454885825514793,0.011608724482357502,0.062244158970677796,0.07414710669026672,0.002635138719771857,0.0028677016875087308,0.003454400599007361,0.004561872013878799,0.001132758903218987,0.0006572776563464284,0.06155801714710373,0.06699867248688743,0.011325388526712646,0.01014353345480011,0.011127057485282421,0.011095155030488968,0.08421899156438117,0.08289396690185936,0.08279542475452256,1.0489821761439089e-05,0.023964857682585716,0.029414977878332138,0.00024589282111264765,0.00035056634806096554,0.0,0.0,0.0,0.0,0.0,0.0,0.0,0.0,0.0,0.0,2.6212551593780518,2.5151174068450928,3.177090644836426,0.5178710222244263,6.818272113800049,3.8238606452941895,5.098050117492676
00:00:00:35.583,68,0.0,0.0,0.0,0.0,0.0,0.06396324932575226,0.25294989347457886,0.0,0.0,0.0,0.0,0.0,0.06395868957042694,0.2530176639556885,0.010303315556415444,0.0006762465927749872,0.014628427864473324,0.031234901398420334,0.014475044794380665,0.03714222460985184,0.0053455280140042305,0.0027309907600283623,9.022176527651027e-05,0.04449696093797684,0.0391959622502327,0.017781784810002664,0.021492281212373756,0.011318149976432323,0.011296086013317108,0.06326076016981072,0.07449897452508568,0.0023723505908726933,0.0027297993975324442,0.0028882552269695965,0.0035484019434432364,0.0011393233055039906,0.0007089377605192256,0.05469571726839745,0.06000872403417999,0.009660701229951763,0.008295339467527123,0.015545105561614037,0.015555614605545998,0.08246435444596398,0.08373730702347618,0.08363615347550882,-5.724281072616577e-05,0.02260807529091835,0.027716899290680885,0.00025232654297724366,0.0004099144134670496,0.0,0.0,0.0,0.0,0.0,0.0,0.0,0.0,0.0,0.0,2.698417901992798,2.6837193965911865,2.96368145942688,0.527380108833313,6.992051124572754,3.8831632137298584,4.853795051574707
00:00:00:36.600,68,0.0,0.0,0.0,0.0,0.0,0.06399531662464142,0.26463788747787476,0.0,0.0,0.0,0.0,0.0,0.06397359073162079,0.2646709382534027,0.009670772894765091,0.0006958807352930307,0.01272025931556734,0.028936494141817093,0.01649538055062294,0.02619616501033306,0.011940990574657917,0.0033948556520044804,0.0002674449933692813,0.043686527758836746,0.03670382499694824,0.017756742836757537,0.021138511761851206,0.010789847001433372,0.010705764405429363,0.06428828466793846,0.07485031187563171,0.002391596653922923,0.002775003463512154,0.002645173006666621,0.0034267968629596137,0.0012597273686766482,0.0007535942307496881,0.05156570001726914,0.05585805621957207,0.005910485621708756,0.0049469816288468076,0.01219016034156084,0.012237337417900562,0.08453553317976135,0.08746281341266732,0.08734986183677246,-6.204247256391682e-06,0.02257652021944523,0.027515163645148277,0.00035478005884215236,0.0004930515424348414,0.0,0.0,0.0,0.0,0.0,0.0,0.0,0.0,0.0,0.0,2.587555170059204,2.712766170501709,2.9061081409454346,0.5261589884757996,7.512824058532715,4.167534828186035,4.215426445007324
00:00:00:37.616,68,0.0,0.0,0.0,0.0,0.0,0.06424402445554733,0.2723991870880127,0.0,0.0,0.0,0.0,0.0,0.06422144174575806,0.27241384983062744,0.009835886836562138,0.0007245901506394148,0.012292864544843045,0.029467826709151268,0.01637730561196804,0.028181953355669975,0.00828660000115633,0.0029126384761184454,9.836524986894801e-05,0.04347901791334152,0.03578992933034897,0.017464753401585358,0.020637047492263805,0.010567989200353622,0.010299636982381344,0.06318653602287574,0.07348551528981148,0.0031408801226871634,0.003033950524548373,0.003332797114047723,0.002595388176631756,0.0010879489909255218,0.0005824845541350221,0.05005246142604927,0.05428117814802765,0.004522643989382467,0.002981580501610067,0.010261340998113155,0.01030226144939661,0.0822621263227665,0.0855722725059439,0.08544053583300674,-3.245562402298674e-05,0.02112102508544922,0.02616472728550434,0.00028957409085705876,0.0004918344202451408,0.0,0.0,0.0,0.0,0.0,0.0,0.0,0.0,0.0,0.0,2.799372434616089,2.8835246562957764,2.95231294631958,0.5204590559005737,6.298771858215332,3.5757341384887695,5.552477836608887
00:00:00:37.633,68,0.0671375543,0.0,0.0,0.0,0.0,0.06437626481056213,0.28145167231559753,0.0669577867,0.0,0.0,0.0,0.0,0.06438209861516953,0.28150588274002075,0.009798846891794987,0.0007328076753765345,0.011940803407174263,0.031103933230042458,0.022386398166418076,0.03204299509525299,0.010700637474656105,0.0033228076063096523,0.00018504023319110274,0.045033540576696396,0.038242097944021225,0.015651527081615445,0.017964717111513994,0.010466660372912884,0.010397267527878284,0.061406944674173354,0.07282583565520584,0.002427500732909272,0.003457353336672926,0.0029235525107063616,0.0023002946224210284,0.001147158421601634,0.000629954730147481,0.051222348941272124,0.05640271231426498,0.004099192433028984,0.003106945305360508,0.010303565301001072,0.010323912836611271,0.07409302215875542,0.07469794824994912,0.0745665669217856,0.00010051220306195319,0.02147301286458969,0.02734171785414219,0.0003966034564655274,0.0004747082421090454,0.0,0.0,0.0,0.0,0.0,0.0,0.0,0.0,0.0,0.0,2.5954179763793945,2.662327289581299,2.961186647415161,0.503620445728302,6.710471153259277,3.448306083679199,5.661855697631836
00:00:00:39.650,68,0.1602900922,0.0,0.0,0.0,0.0,0.06518907740477738,0.2880939543247223,0.1601492614,0.0,0.0,0.0,0.0,0.06512743036323608,0.2881276309490204,0.009426583030712452,0.0007316094706766307,0.011624487687417584,0.030404062941670418,0.01850566454231739,0.03617745265364647,0.010904933325946331,0.003726292634382844,0.0003271348832640797,0.046392232179641724,0.039028044790029526,0.008079471715860697,0.010478605838207955,0.010548058897256851,0.010458268225193024,0.06017577349811729,0.07345169408800499,0.0030137263005743644,0.0033474122303690196,0.0036041132514525965,0.0023234145809011603,0.0013950056053380656,0.0008898236260394454,0.05568979460872658,0.06067574394120941,0.0042093900224837826,0.0033500692571156216,0.006462114863097668,0.006537013687193394,0.07213110628540466,0.07425830067554749,0.07412886245571967,8.47604896989651e-05,0.020945770666003227,0.026047244668006897,0.0004148713778704405,0.0004615666111931205,0.0,0.0,0.0,0.0,0.0,0.0,0.0,0.0,0.0,0.0,2.6122937202453613,2.7178306579589844,2.8612146377563477,0.515666127204895,6.773258209228516,3.8799970149993896,5.226734638214111
00:00:00:39.666,68,0.2450135201,0.0,0.0,0.0,0.0,0.06530132350641495,0.292712926864624,0.2447937131,0.0,0.0,0.0,0.0,0.06526608559235077,0.29283690452575684,0.008789660018741189,0.0007248262991197407,0.01304352620539875,0.0446060411632061,0.017729131504893303,0.07301224768161774,0.01583280973136425,0.003341300180181861,0.00023226410849019885,0.04369190335273743,0.038091909140348434,0.0027529175830304964,0.005107354046367077,0.011075258255004883,0.011013513430953026,0.05949660058917763,0.07467524932575531,0.001964013641522739,0.0037736783320835065,0.0029573275450409664,0.002061762683895075,0.0013013056006948532,0.0008553441086799271,0.07819521651008407,0.08399117667099182,0.008366869763669777,0.0075482591083701235,0.0059188916347920895,0.005892598070204258,0.06888842209403617,0.07065885811058593,0.07053818406653184,9.203821537084877e-05,0.021060960367321968,0.02632886916399002,0.00033758205245248973,0.0005439056549221277,0.0,0.0,0.0,0.0,0.0,0.0,0.0,0.0,0.0,0.0,2.6739721298217773,2.6572728157043457,2.9449775218963623,0.48105883598327637,5.946830749511719,3.4297072887420654,6.385914325714111
00:00:00:41.683,68,0.3026814163,0.0,0.0,0.0,0.0,0.06491127326924606,0.30121925473213196,0.3023667336,0.0,0.0,0.0,0.0,0.06482134201380783,0.30125826597213745,0.008748156597215824,0.0007455201703123748,0.01600044944429949,0.050536397844552994,0.013430995866656303,0.0954769030213356,0.017044130712747574,0.0033204962965101004,0.00022135466861072928,0.03614456206560135,0.0318664014339447,0.0,0.0007436149753630161,0.01207499299198389,0.012051594443619251,0.05703830610782128,0.07320951964611389,0.002276034327223897,0.003624393190640707,0.0034543904332698704,0.002466461584303596,0.0016804683936450758,0.0012206622671323288,0.09923479404540253,0.10650976152719421,0.015713004578602353,0.014538767547946396,0.006159897893667221,0.006236317567527294,0.06961611363057357,0.0763798162724916,0.07624540402095192,2.7727186534320936e-05,0.021368399262428284,0.026551827788352966,0.0002928374451585114,0.00045051350025460124,0.0,0.0,0.0,0.0,0.0,0.0,0.0,0.0,0.0,0.0,2.843613624572754,2.7824089527130127,2.9220690727233887,0.49404409527778625,5.732839584350586,3.3541958332061768,6.537369728088379
00:00:00:42.700,68,0.3204296529,0.0,0.0,0.0,0.0,0.0646251982291652,0.31355828046798706,0.3200998604,0.0,0.0,0.0,0.0,0.06453901495198654,0.3136782944202423,0.01000561478384058,0.0006766390870325267,0.016671220184705276,0.05761880800127983,0.012733344919979572,0.11444970965385437,0.02484356425702572,0.0035838859621435404,0.00015646278916392475,0.03736642301542129,0.032258738562714384,0.000866543035954237,0.002568307565525174,0.012850714847445488,0.012640303000807762,0.059348952025175095,0.07497028301434677,0.0017049488378688693,0.0036870429757982492,0.00268838942734571,0.0026350413978912784,0.0018235109043799557,0.001384556532948662,0.1150782674417192,0.12311693873242112,0.020697958548816432,0.019958722952078324,0.0055100200697779655,0.00541541026905179,0.07497683760550568,0.07980616912719414,0.07969807979552734,7.190108135546325e-06,0.02161099947988987,0.026456255465745926,0.00044697028351947665,0.0004991348250769079,0.0,0.0,0.0,0.0,0.0,0.0,0.0,0.0,0.0,0.0,2.650761604309082,2.5126914978027344,2.919923782348633,0.48373958468437195,5.613420009613037,3.1205291748046875,7.344517230987549
00:00:00:42.716,68,0.2506536841,0.0,0.0,0.0,0.0,0.06411769633170311,0.3284367620944977,0.2503506243,0.0,0.0,0.0,0.0,0.06405924724979645,0.32852429151535034,0.010285054338831711,0.0005788432317785919,0.019718078548715136,0.0665723979473114,0.0117957117035985,0.1335652768611908,0.025356361642479897,0.003347366815432906,6.721467070747167e-05,0.03169065901666252,0.02866794167095993,0.00046889542136341333,0.0017816286999732256,0.012994603253901005,0.012985222041606903,0.060513291507959366,0.0760531688026686,0.0014018535148352385,0.0035916403867304325,0.002659052941849301,0.0028537342214301226,0.0019146681186445976,0.001436521672945373,0.13039488939321092,0.13845751133392015,0.028353221377511482,0.026830495541715585,0.007344962563365698,0.007309775799512863,0.08592858616070892,0.09147959425250832,0.0914025999494883,5.969047560938634e-05,0.022753529250621796,0.028234606608748436,0.00020619672432076186,0.0004543621907941997,0.0,0.0,0.0,0.0,0.0,0.0,0.0,0.0,0.0,0.0,2.557203769683838,2.0219860076904297,3.1731112003326416,0.4769327640533447,5.637448310852051,3.011627435684204,7.84259557723999
00:00:00:43.733,68,0.1828578264,0.0,0.0,0.0,0.0,0.06486413671788772,0.342610239982605,0.1826672703,0.0,0.0,0.0,0.0,0.06475542085447342,0.3426121473312378,0.011454531423616085,0.0006637455662712455,0.020313463333727036,0.0671268031001091,0.011073686182498932,0.13401050865650177,0.028835685923695564,0.0036303838714957237,0.00029909462318755686,0.02739849832158024,0.022820215643320693,0.0,0.0010008220560848713,0.01385155413299799,0.013624454848468304,0.0668172761797905,0.0820966933096457,0.0019100505160167813,0.0034953493159264326,0.002595471068159862,0.003223502923616321,0.002205951808304644,0.0016486530467395104,0.14063419551890854,0.14910423753349153,0.027211104312198028,0.02615627232741604,0.008742180652916431,0.008803420700132847,0.10044455828454255,0.10043145117711884,0.10032400261923133,-1.9041299310629256e-05,0.02177443914115429,0.026990490034222603,0.00027629415853880346,0.0003714586782734841,0.0,0.0,0.0,0.0,0.0,0.0,0.0,0.0,0.0,0.0,2.6227612495422363,2.431189775466919,3.1299593448638916,0.4585062563419342,5.539320945739746,3.3060998916625977,7.254421710968018
00:00:00:45.750,68,0.1549242288,0.0,0.0,0.0,0.0,0.06453446823453507,0.35593152046203613,0.1547129601,0.0,0.0,0.0,0.0,0.06444071528091751,0.35593926906585693,0.01201033127270338,0.0005178454448468983,0.022763796553471567,0.08336343616247177,0.010285734198987484,0.1471877545118332,0.025201130658388138,0.003606419777497649,5.1771701691905037e-05,0.028236446152968636,0.02285491416474415,0.0001447820832254365,0.0012351172044873238,0.014426157809793949,0.014035842381417751,0.07173803448677063,0.08778264116753647,0.0017158373957499862,0.0037698298692703247,0.0026124717497971787,0.003396544043370457,0.0021086997508888853,0.0015873550007147485,0.1589485048981128,0.16700485945777435,0.03199188072644299,0.03054379153703457,0.00903472863137722,0.009052780456840992,0.10848419744464424,0.09972550942986763,0.09967564640324067,-4.5488177420338616e-05,0.023052774369716644,0.02851189114153385,0.00025632960023358464,0.00035659357672557235,0.0,0.0,0.0,0.0,0.0,0.0,0.0,0.0,0.0,0.0,2.5120105743408203,1.8993418216705322,3.718690872192383,0.44647377729415894,5.70629358291626,2.882786750793457,7.489065647125244
00:00:00:45.766,68,0.1400292814,0.0,0.0,0.0,0.0,0.06375255435705185,0.36917316913604736,0.1398134679,0.0,0.0,0.0,0.0,0.0637301430106163,0.3692117929458618,0.013775264127212887,0.0006230812869034708,0.025233688557661248,0.08889716118574142,0.009374238550662994,0.14270401000976562,0.02182614989578724,0.004010037984699011,0.00023539572430308908,0.022694952413268587,0.018138336005253983,0.0,0.0006160347838886082,0.015824031084775925,0.01528837438672781,0.07972241193056107,0.09461428187271072,0.0018319403752684593,0.003505336120724678,0.0021505203533052383,0.0034770976898094944,0.0021138361038246286,0.0016543805847619361,0.16499430838802612,0.1731843769365518,0.03283097181725247,0.0320666786298431,0.013612790033221245,0.013619747944176197,0.11248211636137306,0.10092936608737291,0.10086539167762673,-6.12762596574612e-05,0.02311757020652294,0.02848532609641552,0.00022261124104261398,0.0003077270230278373,0.0,0.0,0.0,0.0,0.0,0.0,0.0,0.0,0.0,0.0,2.4392647743225098,2.1663408279418945,3.423234701156616,0.44567957520484924,5.6307196617126465,3.081054210662842,7.619773864746094
00:00:00:47.783,68,0.1248714849,0.0,0.0,0.0,0.0,0.0651344358921051,0.3804752826690674,0.1246333122,0.0,0.0,0.0,0.0,0.06510064005851746,0.3804797828197479,0.01463159799361475,0.0005682509508915246,0.026435441129239998,0.0885222852230072,0.00944923609495163,0.1309012770652771,0.022619331255555153,0.004199889488518238,0.00021463721350301057,0.019079816699352152,0.013655465853921012,0.0,0.0009106211946345866,0.017363691702485085,0.016667446121573448,0.08569465577602386,0.10107785087690017,0.0018552434630692005,0.003523727413266897,0.0020688959545580913,0.0039699300662251425,0.0022672342974747756,0.0017756718372278072,0.15583574768578917,0.16423940360933595,0.030775823032289772,0.030072404778211097,0.018043873831629753,0.018079418689012527,0.11939127821683815,0.10553203296725533,0.10546870752280693,-3.510087844915688e-05,0.023978810757398605,0.029526496306061745,0.00026831787545233965,0.00030743583920411766,0.0,0.0,0.0,0.0,0.0,0.0,0.0,0.0,0.0,0.0,2.2982306480407715,1.9232391119003296,3.6633424758911133,0.41570794582366943,5.622548580169678,2.9959444999694824,7.887975215911865
00:00:00:48.800,68,0.1098281518,0.0,0.0,0.0,0.0,0.06676996499300003,0.3874206244945526,0.1095849797,0.0,0.0,0.0,0.0,0.06673411279916763,0.3874228000640869,0.015349863820927543,0.0005110084312036633,0.027863550574098395,0.0778370276093483,0.014237523078918457,0.09702246636152267,0.020538676530122757,0.004726426210254431,0.00014482736878562719,0.01546636820938034,0.009439045163700905,0.001984976464882493,0.003532272530719638,0.01786830835044384,0.017135221511125565,0.08587557822465897,0.09986121561503448,0.001300837961025536,0.0034751701168715954,0.002269562268123751,0.005330279346103339,0.00237330711111577,0.0019278697994282294,0.13060573935045258,0.1390058786055365,0.026801585413587417,0.025879017659256705,0.019971858710050583,0.02004051022231579,0.12581148224007455,0.1097417779514045,0.10972458121414735,2.3822783987270668e-05,0.025354141369462013,0.03018692508339882,0.0001991562166949734,0.0005140472785569727,0.0,0.0,0.0,0.0,0.0,0.0,0.0,0.0,0.0,0.0,2.3718245029449463,1.7646945714950562,4.180407524108887,0.41406723856925964,6.078273296356201,3.083306074142456,6.7693305015563965
